#ID	Forward	Reverse	Frequency	Tm	CG
e0326122b1208e06,GGCTACCACATCTAAGG,AGGGAGGTAGTGACAAG,1983,"[52,52]","[0.529412,0.529412]"
7dc07051ac37bcbf,GGCTACCACATCTAAGG,ACAGGGAGGTAGTGACA,1853,"[52,52]","[0.529412,0.529412]"
6673211ede278445,GGCTACCACATCTAAGG,ACAGGGAGGTAGTGACAA,1844,"[52,54]","[0.529412,0.5]"
9084d622584fc179,GGCTACCACATCTAAGG,ACAGGGAGGTAGTGACAAG,1829,"[52,58]","[0.529412,0.526316]"
d90e133cfe247ad5,GGCTACCACATCTAAGG,TTGACGGAAGGGCACCA,1807,"[52,54]","[0.529412,0.588235]"
4a4cade18218f8a3,GGCTACCACATCTAAGG,CACAGGGAGGTAGTGAC,1769,"[52,54]","[0.529412,0.588235]"
eefa1b24c886f228,GGCTACCACATCTAAGG,CACAGGGAGGTAGTGACA,1766,"[52,56]","[0.529412,0.555556]"
27c4989889ca877f,GGCTACCACATCTAAGG,CACAGGGAGGTAGTGACAA,1757,"[52,58]","[0.529412,0.526316]"
dafa03c69bbb9fe2,GGCTACCACATCTAAGG,GAACGAAAGTTAGGGGAT,1707,"[52,52]","[0.529412,0.444444]"
9297428b83e33818,GGCTACCACATCTAAGG,TGACACAGGGAGGTAGT,1706,"[52,52]","[0.529412,0.529412]"
33d0cd301cc2d5f6,GGCTACCACATCTAAGG,TGACACAGGGAGGTAGTG,1706,"[52,56]","[0.529412,0.555556]"
eb3a6060e99056dd,GGCTACCACATCTAAGG,GACACAGGGAGGTAGTG,1706,"[52,54]","[0.529412,0.588235]"
19d20f51472dc061,GGCTACCACATCTAAGG,TGACACAGGGAGGTAGTGA,1700,"[52,58]","[0.529412,0.526316]"
6d5295cae5153bfd,GGCTACCACATCTAAGG,GACACAGGGAGGTAGTGA,1700,"[52,56]","[0.529412,0.555556]"
ab4c41a87225da53,GGCTACCACATCTAAGG,ACACAGGGAGGTAGTGA,1700,"[52,52]","[0.529412,0.529412]"
120b00559b88cfad,GGCTACCACATCTAAGG,ACACAGGGAGGTAGTGAC,1700,"[52,56]","[0.529412,0.555556]"
5d0cc072ff2ebbf5,GGCTACCACATCTAAGG,ACACAGGGAGGTAGTGACA,1697,"[52,58]","[0.529412,0.526316]"
24555f6837b9651f,TTCTTAGTTGGTGGAGTG,CAGGTCTGTGATGCCCT,1668,"[52,54]","[0.444444,0.588235]"
e381beca073e00ed,TTCTTAGTTGGTGGAGTG,GGTCTGTGATGCCCTTA,1663,"[52,52]","[0.444444,0.529412]"
7ced99bc8d5323b3,TTCTTAGTTGGTGGAGTG,GGTCTGTGATGCCCTTAG,1660,"[52,56]","[0.444444,0.555556]"
d3575043bcd4e960,TTCTTAGTTGGTGGAGTG,GGTCTGTGATGCCCTTAGA,1660,"[52,58]","[0.444444,0.526316]"
413e8cc8e71c92f6,GGCTACCACATCTAAGG,GAGTATGGTCGCAAGGC,1641,"[52,54]","[0.529412,0.588235]"
84b1e114ab9d884b,GGCTACCACATCTAAGG,GGAGTATGGTCGCAAGG,1641,"[52,54]","[0.529412,0.588235]"
801cefd3e95f1ade,GGCTACCACATCTAAGG,GTATGGTCGCAAGGCTG,1638,"[52,54]","[0.529412,0.588235]"
5001accf8bb0c06d,GGCTACCACATCTAAGG,GTATGGTCGCAAGGCTGA,1635,"[52,56]","[0.529412,0.555556]"
5f5fdc94bf3f7db4,TTCTTAGTTGGTGGAGTG,GGAAGTTTGAGGCAATAAC,1537,"[52,54]","[0.444444,0.421053]"
7562645e5194d2b1,TTCTTAGTTGGTGGAGTG,GGAAGTTTGAGGCAATAACA,1535,"[52,56]","[0.444444,0.4]"
a68d87b891ce7d9c,TTCTTAGTTGGTGGAGTG,GAAGTTTGAGGCAATAACAG,1533,"[52,56]","[0.444444,0.4]"
ef4c3d900e458acf,TGAGAGTATGTCTGCTTC,TTCTGCCTTGCGTTCTTA,1526,"[52,52]","[0.444444,0.444444]"
fb6236b8d42cd5fd,GGCTACCACATCTAAGG,TGACTCAACACGGGGAA,1523,"[52,52]","[0.529412,0.529412]"
1262d2cbdf689cb6,GGCTACCACATCTAAGG,GACTCAACACGGGGAAA,1500,"[52,52]","[0.529412,0.529412]"
1f3e7bd932c54c5,GGCTACCACATCTAAGG,ACTCAACACGGGGAAAC,1497,"[52,52]","[0.529412,0.529412]"
1480aeb6389bf083,GGCTACCACATCTAAGG,CTCAACACGGGGAAACT,1497,"[52,52]","[0.529412,0.529412]"
20029181f727860d,TTCTTAGTTGGTGGAGTG,AGGAAGTTTGAGGCAATAAC,1494,"[52,56]","[0.444444,0.4]"
b43f6150c4a7a806,GGCTACCACATCTAAGG,TGACTCAACACGGGGAAA,1491,"[52,54]","[0.529412,0.5]"
6d55a93717fe76f3,GGCTACCACATCTAAGG,TGACTCAACACGGGGAAAC,1488,"[52,58]","[0.529412,0.526316]"
a27371447d1ac0fd,TGAGAGTATGTCTGCTTC,GGATGTGTTTCTGCCTTG,1482,"[52,54]","[0.444444,0.5]"
d1112f27d3fbfce1,TGAGAGTATGTCTGCTTC,TGTGTTTCTGCCTTGCG,1476,"[52,52]","[0.444444,0.529412]"
ba79f80853b44f1b,TGAGAGTATGTCTGCTTC,ATGTGTTTCTGCCTTGCG,1474,"[52,54]","[0.444444,0.5]"
5a4bd682421584d7,TGAGAGTATGTCTGCTTC,GATGTGTTTCTGCCTTGC,1472,"[52,54]","[0.444444,0.5]"
cc5c3c87d6dee97e,TGAGAGTATGTCTGCTTC,GATGTGTTTCTGCCTTGCG,1468,"[52,58]","[0.444444,0.526316]"
ab927f3f13b8db67,GGCTACCACATCTAAGG,AGGATTGACAGATTGATAGC,1467,"[52,56]","[0.529412,0.4]"
c6acd67e41a056f9,TGAGAGTATGTCTGCTTC,GGATGTGTTTCTGCCTTGC,1452,"[52,58]","[0.444444,0.526316]"
272fd35e89ef26de,TGAGAGTATGTCTGCTTC,GTGTTTCTGCCTTGCGT,1438,"[52,52]","[0.444444,0.529412]"
c4080eb16cb14b48,TGAGAGTATGTCTGCTTC,TGTGTTTCTGCCTTGCGT,1434,"[52,54]","[0.444444,0.5]"
cbf5bd7b55ee605,GCAGAACTCCGTGAACC,GAGTATGTCTGCTTCAGT,1433,"[54,52]","[0.588235,0.444444]"
a9a0c9ff27322555,TGAGAGTATGTCTGCTTC,ATGTGTTTCTGCCTTGCGT,1432,"[52,56]","[0.444444,0.473684]"
77e74e0f9b1cc0c1,GCAGAACTCCGTGAACC,GAGAGTATGTCTGCTTCA,1427,"[54,52]","[0.588235,0.444444]"
facb2e3a47b02524,GCAGAACTCCGTGAACC,AGAGTATGTCTGCTTCAG,1427,"[54,52]","[0.588235,0.444444]"
697972aa7acf7931,GCAGAACTCCGTGAACC,AGAGTATGTCTGCTTCAGT,1427,"[54,54]","[0.588235,0.421053]"
