23S 0 0,GGACAGAAAGACCCTATG,GGATAACAGGCTGATCT
23S 1 0,GGACAAAAAGACCCTATG,GGATAACAGGCTGATCT
CERC,TGTTGCAGTTAAAAAGCTCGT,GTTGGGGGTGCTAGTATTCA
CHLORO,TGGCCTATCTTGTTGGTCTGT,GTTGCCTTGTCAGGTTGATTC
CV 0 0,CCAGCAGCCGCGGTAATTCC,TAGGGGATCAAAGACGATCAGA
CV 0 1,CCAGCAGCCGCGGTAATTCC,TAGGGGATCAAAGACGACCAGA
CV 0 2,CCAGCAGCCGCGGTAATTCC,TAGGGGATCAAAGACAATCAGA
CV 0 3,CCAGCAGCCGCGGTAATTCC,TAGGGGATCAAAGACAACCAGA
CV 0 4,CCAGCAGCCGCGGTAATTCC,TAAGGGATCAAAGACGATCAGA
CV 0 5,CCAGCAGCCGCGGTAATTCC,TAAGGGATCAAAGACGACCAGA
CV 0 6,CCAGCAGCCGCGGTAATTCC,TAAGGGATCAAAGACAATCAGA
CV 0 7,CCAGCAGCCGCGGTAATTCC,TAAGGGATCAAAGACAACCAGA
CV 1 0,CCAGCAGCCGCGGTAATACC,TAAGGGATCAAAGACAACCAGA
CV 1 1,CCAGCAGCCGCGGTAATACC,TAGGGGATCAAAGACGACCAGA
CV 1 2,CCAGCAGCCGCGGTAATACC,TAGGGGATCAAAGACAATCAGA
CV 1 3,CCAGCAGCCGCGGTAATACC,TAGGGGATCAAAGACAACCAGA
CV 1 4,CCAGCAGCCGCGGTAATACC,TAAGGGATCAAAGACGATCAGA
CV 1 5,CCAGCAGCCGCGGTAATACC,TAAGGGATCAAAGACGACCAGA
CV 1 6,CCAGCAGCCGCGGTAATACC,TAAGGGATCAAAGACAATCAGA
CV 1 7,CCAGCAGCCGCGGTAATACC,TAAGGGATCAAAGACAACCAGA
CV 2 0,CCAGCACCCGCGGTAATTCC,TAGGGGATCAAAGACGATCAGA
CV 2 1,CCAGCACCCGCGGTAATTCC,TAGGGGATCAAAGACGACCAGA
CV 2 2,CCAGCACCCGCGGTAATTCC,TAGGGGATCAAAGACAATCAGA
CV 2 3,CCAGCACCCGCGGTAATTCC,TAGGGGATCAAAGACAATCAGA
CV 2 4,CCAGCACCCGCGGTAATTCC,TAAGGGATCAAAGACGATCAGA
CV 2 5,CCAGCACCCGCGGTAATTCC,TAAGGGATCAAAGACGACCAGA
CV 2 6,CCAGCACCCGCGGTAATTCC,TAAGGGATCAAAGACAATCAGA
CV 2 7,CCAGCACCCGCGGTAATTCC,TAAGGGATCAAAGACAACCAGA
CV 3 0,CCAGCACCCGCGGTAATACC,TAGGGGATCAAAGACGATCAGA
CV 3 1,CCAGCACCCGCGGTAATACC,TAGGGGATCAAAGACGACCAGA
CV 3 2,CCAGCACCCGCGGTAATACC,TAGGGGATCAAAGACAATCAGA
CV 3 3,CCAGCACCCGCGGTAATACC,TAGGGGATCAAAGACAACCAGA
CV 3 4,CCAGCACCCGCGGTAATACC,TAAGGGATCAAAGACGATCAGA
CV 3 5,CCAGCACCCGCGGTAATACC,TAAGGGATCAAAGACGACCAGA
CV 3 6,CCAGCACCCGCGGTAATACC,TAAGGGATCAAAGACAATCAGA
CV 3 7,CCAGCACCCGCGGTAATACC,TAAGGGATCAAAGACAACCAGA
DIAZ,ATTCCAGCTCCAATAGCG,GATTAGATACCATCGTAGTC
DIM 0 0,GGGGACGGGTGAAATAGGATG,GGAGTCTGCGGCTCAATTTG
DIM 1 0,GGGGACAGGTGAAATAGGATG,GGAGTCTGCGGCTCAATTTG
DIM 2 0,AGGGACGGGTGAAATAGGATG,GGAGTCTGCGGCTCAATTTG
DIM 3 0,AGGGACAGGTGAAATAGGATG,GGAGTCTGCGGCTCAATTTG
DIV4,GCGGTAATTCCAGCTCCAATAG,TATTCGTATTCCATTGTCAGAG
EUK14,CAGCAGCCGCGGTAATTCC,GCTTAATTTGACTCAACACGGG
EUK15 0 0,CCAGCAGCTGCGGTAATTCC,TTGATCAAGAACGAAAGT
EUK15 0 1,CCAGCAGCTGCGGTAATTCC,TCGATCAAGAACGAAAGT
EUK15 0 2,CCAGCAGCTGCGGTAATTCC,TTAATCAAGAACGAAAGT
EUK15 0 3,CCAGCAGCTGCGGTAATTCC,TCAATCAAGAACGAAAGT
EUK15 1 0,CCAGCAGCCGCGGTAATTCC,TTGATCAAGAACGAAAGT
EUK15 2 1,CCAGCAGCCGCGGTAATTCC,TCGATCAAGAACGAAAGT
EUK15 3 2,CCAGCAGCCGCGGTAATTCC,TTAATCAAGAACGAAAGT
EUK15 4 3,CCAGCAGCCGCGGTAATTCC,TCAATCAAGAACGAAAGT
EUK15 2 0,CCAGCACCTGCGGTAATTCC,TTGATCAAGAACGAAAGT
EUK15 2 1,CCAGCACCTGCGGTAATTCC,TCGATCAAGAACGAAAGT
EUK15 2 2,CCAGCACCTGCGGTAATTCC,TTAATCAAGAACGAAAGT
EUK15 2 3,CCAGCACCTGCGGTAATTCC,TCAATCAAGAACGAAAGT
EUK15 3 0,CCAGCACCCGCGGTAATTCC,TTGATCAAGAACGAAAGT
EUK15 3 1,CCAGCACCCGCGGTAATTCC,TCGATCAAGAACGAAAGT
EUK15 3 2,CCAGCACCCGCGGTAATTCC,TTAATCAAGAACGAAAGT
EUK15 3 3,CCAGCACCCGCGGTAATTCC,TCAATCAAGAACGAAAGT
EUKA 0 0,GCCGCGGTAATTCCAGCTC,TTAATCAAGGGCGAAGG
EUKA 0 1,GCCGCGGTAATTCCAGCTC,TCAATCAAGGGCGAAGG
EUKA 0 2,GCCGCGGTAATTCCAGCTC,TTAATCAAGGGCGAAAG
EUKA 0 3,GCCGCGGTAATTCCAGCTC,TCAATCAAGGGCGAAAG
EUKA 0 4,GCCGCGGTAATTCCAGCTC,TTAATCAAGGACGAAGG
EUKA 0 5,GCCGCGGTAATTCCAGCTC,TCAATCAAGGACGAAGG
EUKA 0 6,GCCGCGGTAATTCCAGCTC,TTAATCAAGGACGAAAG
EUKA 0 7,GCCGCGGTAATTCCAGCTC,TCAATCAAGGACGAAAG
EUKA 0 8,GCCGCGGTAATTCCAGCTC,TTAATCAAGAGCGAAGG
EUKA 0 9,GCCGCGGTAATTCCAGCTC,TCAATCAAGAGCGAAGG
EUKA 0 10,GCCGCGGTAATTCCAGCTC,TTAATCAAGAGCGAAAG
EUKA 0 11,GCCGCGGTAATTCCAGCTC,TCAATCAAGAGCGAAAG
EUKA 0 12,GCCGCGGTAATTCCAGCTC,TTAATCAAGAACGAAGG
EUKA 0 13,GCCGCGGTAATTCCAGCTC,TCAATCAAGAACGAAGG
EUKA 0 14,GCCGCGGTAATTCCAGCTC,TTAATCAAGAACGAAAG
EUKA 0 15,GCCGCGGTAATTCCAGCTC,TCAATCAAGAACGAAAG
FAD4,AACCTGGTTGATCCTGCCAGT,GTAGGTGAACCTGCAGAAGGATCA
nSSU,GCTTGTCTCAAAGATTAAGCC,TCCAAGGAAGGCAGCAGGC
SSU 0 0,CGCGGTAATTCCAGCTTC,GTCAGAGGTGAAATTCTTGGAT
SSU 0 1,CGCGGTAATTCCAGCTTC,GTCAGAGGTGAAATTCTTGAAT
SSU 1 0,CGCGGTAATTCCAGCTCC,GTCAGAGGTGAAATTCTTGGAT
SSU 1 1,CGCGGTAATTCCAGCTCC,GTCAGAGGTGAAATTCTTGAAT
